label,t_s,volts,pct_mvc,active
without_support,0.00,0.1225,0.00,0
without_support,0.10,0.1216,0.00,0
without_support,0.20,0.1204,0.00,0
without_support,0.30,0.1195,0.00,0
without_support,0.40,0.1223,0.00,0
without_support,0.50,0.1240,0.00,0
without_support,0.60,0.1210,0.00,0
without_support,0.70,0.1207,0.00,0
without_support,0.80,0.1194,0.00,0
without_support,0.90,0.1195,0.00,0
without_support,1.00,0.1187,0.00,0
without_support,1.10,0.1205,0.00,0
without_support,1.20,0.1197,0.00,0
without_support,1.30,0.1204,0.00,0
without_support,1.40,0.1209,0.00,0
without_support,1.50,0.1262,0.00,0
without_support,1.60,0.1554,1.09,0
without_support,1.70,0.1460,0.67,0
without_support,1.80,0.1297,0.00,0
without_support,1.90,0.1223,0.00,0
without_support,2.00,0.1233,0.00,0
without_support,2.10,0.1586,1.24,0
without_support,2.20,0.2760,6.53,1
without_support,2.30,0.2480,5.27,1
without_support,2.40,0.2630,5.95,1
without_support,2.50,0.2916,7.24,1
without_support,2.60,0.2470,5.23,1
without_support,2.70,0.2141,3.74,1
without_support,2.80,0.2124,3.66,1
without_support,2.90,0.2565,5.66,1
without_support,3.00,0.2749,6.48,1
without_support,3.10,0.2641,6.00,1
without_support,3.20,0.2840,6.90,1
without_support,3.30,0.1810,2.25,0
without_support,3.40,0.1347,0.15,0
without_support,3.50,0.1248,0.00,0
without_support,3.60,0.1266,0.00,0
without_support,3.70,0.2293,4.43,1
without_support,3.80,0.3126,8.19,1
without_support,3.90,0.2643,6.01,1
without_support,4.00,0.2252,4.24,1
without_support,4.10,0.1482,0.77,0
without_support,4.20,0.1332,0.09,0
without_support,4.30,0.1403,0.41,0
without_support,4.40,0.1450,0.62,0
without_support,4.50,0.1296,0.00,0
without_support,4.60,0.1311,0.00,0
without_support,4.70,0.1259,0.00,0
without_support,4.80,0.1257,0.00,0
without_support,4.90,0.1290,0.00,0
without_support,5.00,0.1340,0.12,0
without_support,5.10,0.1294,0.00,0
without_support,5.20,0.1306,0.00,0
without_support,5.30,0.1419,0.48,0
without_support,5.40,0.1383,0.32,0
without_support,5.50,0.1294,0.00,0
without_support,5.60,0.1271,0.00,0
without_support,5.70,0.1246,0.00,0
without_support,5.80,0.1338,0.11,0
without_support,5.90,0.1413,0.45,0
without_support,6.00,0.1304,0.00,0
without_support,6.10,0.2933,7.32,1
without_support,6.20,0.3330,9.11,1
without_support,6.30,0.2021,3.20,1
without_support,6.40,0.1990,3.06,1
without_support,6.50,0.1936,2.82,0
without_support,6.60,0.2272,4.33,1
without_support,6.70,0.1964,2.94,1
without_support,6.80,0.1959,2.92,1
without_support,6.90,0.2379,4.81,1
without_support,7.00,0.2389,4.86,1
without_support,7.10,0.2542,5.55,1
without_support,7.20,0.1607,1.33,0
without_support,7.30,0.1489,0.80,0
without_support,7.40,0.1840,2.38,0
without_support,7.50,0.2006,3.13,1
without_support,7.60,0.1792,2.17,0
without_support,7.70,0.1782,2.12,0
without_support,7.80,0.1868,2.51,0
without_support,7.90,0.2082,3.47,1
without_support,8.00,0.2071,3.42,1
without_support,8.10,0.1951,2.88,1
without_support,8.20,0.1843,2.39,0
without_support,8.30,0.1578,1.20,0
without_support,8.40,0.1527,0.97,0
without_support,8.50,0.1757,2.01,0
without_support,8.60,0.1919,2.74,0
without_support,8.70,0.1562,1.13,0
without_support,8.80,0.1509,0.89,0
without_support,8.90,0.1932,2.80,0
without_support,9.00,0.1808,2.24,0
without_support,9.10,0.1689,1.70,0
without_support,9.20,0.1641,1.48,0
without_support,9.30,0.1467,0.70,0
without_support,9.40,0.1572,1.17,0
without_support,9.50,0.1673,1.63,0
without_support,9.60,0.1571,1.16,0
without_support,9.70,0.1514,0.91,0
without_support,9.80,0.1522,0.95,0
without_support,9.90,0.1382,0.32,0
without_support,10.00,0.1507,0.88,0
without_support,10.10,0.1472,0.72,0
without_support,10.20,0.1556,1.10,0
without_support,10.30,0.1968,2.96,1
without_support,10.40,0.3558,10.14,1
without_support,10.50,0.3129,8.20,1
without_support,10.60,0.2584,5.74,1
without_support,10.70,0.2161,3.83,1
without_support,10.80,0.2101,3.56,1
without_support,10.90,0.2568,5.67,1
without_support,11.00,0.2247,4.22,1
without_support,11.10,0.2088,3.50,1
without_support,11.20,0.2292,4.42,1
without_support,11.30,0.2317,4.53,1
without_support,11.40,0.1925,2.76,0
without_support,11.50,0.1653,1.54,0
without_support,11.60,0.2139,3.73,1
without_support,11.70,0.2000,3.10,1
without_support,11.80,0.2139,3.73,1
without_support,11.90,0.1972,2.98,1
without_support,12.00,0.1812,2.25,0
without_support,12.10,0.1869,2.51,0
without_support,12.20,0.2046,3.31,1
without_support,12.30,0.1868,2.51,0
without_support,12.40,0.1651,1.53,0
without_support,12.50,0.1753,1.99,0
without_support,12.60,0.1827,2.32,0
without_support,12.70,0.1524,0.95,0
without_support,12.80,0.1457,0.65,0
without_support,12.90,0.1312,0.00,0
without_support,13.00,0.1338,0.12,0
without_support,13.10,0.1412,0.45,0
without_support,13.20,0.1364,0.23,0
without_support,13.30,0.1378,0.30,0
without_support,13.40,0.1435,0.56,0
without_support,13.50,0.1459,0.66,0
without_support,13.60,0.1350,0.17,0
without_support,13.70,0.1330,0.08,0
without_support,13.80,0.1328,0.07,0
without_support,13.90,0.1497,0.83,0
without_support,14.00,0.1463,0.68,0
without_support,14.10,0.1474,0.73,0
without_support,14.20,0.1334,0.10,0
without_support,14.30,0.1257,0.00,0
without_support,14.40,0.1246,0.00,0
without_support,14.50,0.1284,0.00,0
without_support,14.60,0.1319,0.03,0
without_support,14.70,0.1277,0.00,0
without_support,14.80,0.1255,0.00,0
without_support,14.90,0.1285,0.00,0
without_support,15.00,0.1364,0.23,0
without_support,15.10,0.1325,0.06,0
without_support,15.20,0.1305,0.00,0
without_support,15.30,0.1277,0.00,0
without_support,15.40,0.1349,0.17,0
without_support,15.50,0.1442,0.59,0
without_support,15.60,0.1346,0.15,0
without_support,15.70,0.1301,0.00,0
without_support,15.80,0.1306,0.00,0
without_support,15.90,0.1331,0.08,0
without_support,16.00,0.1381,0.31,0
without_support,16.10,0.1571,1.17,0
without_support,16.20,0.1665,1.59,0
without_support,16.30,0.1599,1.30,0
without_support,16.40,0.1449,0.61,0
without_support,16.50,0.1361,0.22,0
without_support,16.60,0.2111,3.60,1
without_support,16.70,0.2018,3.18,1
without_support,16.80,0.1437,0.56,0
without_support,16.90,0.1364,0.23,0
without_support,17.00,0.1539,1.02,0
without_support,17.10,0.1977,3.00,1
without_support,17.20,0.1849,2.42,0
without_support,17.30,0.1994,3.08,1
without_support,17.40,0.3376,9.32,1
without_support,17.50,0.6896,25.21,1
without_support,17.60,0.7787,29.23,1
without_support,17.70,0.8859,34.07,1
without_support,17.80,0.9065,35.00,1
without_support,17.90,1.0462,41.31,1
without_support,18.00,0.9972,39.10,1
without_support,18.10,1.0263,40.41,1
without_support,18.20,1.1329,45.22,1
without_support,18.30,1.3333,54.27,1
without_support,18.40,1.3804,56.40,1
without_support,18.50,1.7362,72.46,1
without_support,18.60,1.5765,65.25,1
without_support,18.70,1.2139,48.88,1
without_support,18.80,1.1266,44.94,1
without_support,18.90,1.1873,47.68,1
without_support,19.00,1.2037,48.42,1
without_support,19.10,1.2477,50.40,1
without_support,19.20,1.2511,50.56,1
without_support,19.30,1.0847,43.05,1
without_support,19.40,1.3212,53.72,1
without_support,19.50,1.2349,49.83,1
without_support,19.60,1.0901,43.29,1
without_support,19.70,0.9661,37.69,1
without_support,19.80,1.2755,51.66,1
without_support,19.90,1.2935,52.47,1
without_support,20.00,1.2585,50.89,1
without_support,20.10,1.1734,47.05,1
without_support,20.20,1.0227,40.25,1
without_support,20.30,0.8744,33.55,1
without_support,20.40,0.8216,31.17,1
without_support,20.50,0.7724,28.95,1
without_support,20.60,0.4496,14.37,1
without_support,20.70,0.2626,5.93,1
without_support,20.80,0.3077,7.97,1
without_support,20.90,0.1907,2.69,0
without_support,21.00,0.1327,0.07,0
without_support,21.10,0.1227,0.00,0
without_support,21.20,0.1363,0.23,0
without_support,21.30,0.1273,0.00,0
without_support,21.40,0.1289,0.00,0
without_support,21.50,0.1385,0.33,0
without_support,21.60,0.1339,0.12,0
without_support,21.70,0.1355,0.19,0
without_support,21.80,0.1404,0.41,0
without_support,21.90,0.1388,0.34,0
without_support,22.00,0.1312,0.00,0
without_support,22.10,0.1387,0.34,0
without_support,22.20,0.1374,0.28,0
without_support,22.30,0.1331,0.08,0
without_support,22.40,0.1410,0.44,0
without_support,22.50,0.1301,0.00,0
without_support,22.60,0.1271,0.00,0
without_support,22.70,0.1263,0.00,0
without_support,22.80,0.1265,0.00,0
without_support,22.90,0.1400,0.40,0
without_support,23.00,0.1334,0.10,0
without_support,23.10,0.1498,0.84,0
without_support,23.20,0.1406,0.42,0
without_support,23.30,0.1457,0.65,0
without_support,23.40,0.1816,2.28,0
without_support,23.50,0.2638,5.99,1
without_support,23.60,0.2491,5.32,1
without_support,23.70,0.1823,2.31,0
without_support,23.80,0.1908,2.69,0
without_support,23.90,0.2250,4.23,1
without_support,24.00,0.2196,3.99,1
without_support,24.10,0.1607,1.33,0
without_support,24.20,0.1435,0.55,0
without_support,24.30,0.1432,0.54,0
without_support,24.40,0.1316,0.02,0
without_support,24.50,0.1251,0.00,0
without_support,24.60,0.1208,0.00,0
without_support,24.70,0.1199,0.00,0
without_support,24.80,0.1208,0.00,0
without_support,24.90,0.1206,0.00,0
without_support,25.00,0.1217,0.00,0
without_support,25.10,0.1204,0.00,0
without_support,25.20,0.1203,0.00,0
without_support,25.30,0.1210,0.00,0
without_support,25.40,0.1220,0.00,0
without_support,25.50,0.1207,0.00,0
without_support,25.60,0.1206,0.00,0
without_support,25.70,0.1220,0.00,0
without_support,25.80,0.1226,0.00,0
without_support,25.90,0.1209,0.00,0
without_support,26.00,0.1227,0.00,0
without_support,26.10,0.1237,0.00,0
without_support,26.20,0.1278,0.00,0
without_support,26.30,0.1273,0.00,0
without_support,26.40,0.1292,0.00,0
without_support,26.50,0.1475,0.74,0
without_support,26.60,0.1910,2.70,0
without_support,26.70,0.2161,3.83,1
without_support,26.80,0.2269,4.32,1
without_support,26.90,0.1807,2.23,0
without_support,27.00,0.1369,0.25,0
without_support,27.10,0.1243,0.00,0
without_support,27.20,0.1229,0.00,0
without_support,27.30,0.1217,0.00,0
without_support,27.40,0.1305,0.00,0
without_support,27.50,0.1256,0.00,0
without_support,27.60,0.1209,0.00,0
without_support,27.70,0.1200,0.00,0
without_support,27.80,0.1197,0.00,0
without_support,27.90,0.1200,0.00,0
without_support,28.00,0.1221,0.00,0
without_support,28.10,0.1204,0.00,0
without_support,28.20,0.1203,0.00,0
without_support,28.30,0.1199,0.00,0
without_support,28.40,0.1200,0.00,0
without_support,28.50,0.1216,0.00,0
without_support,28.60,0.1202,0.00,0
without_support,28.70,0.1201,0.00,0
without_support,28.80,0.1203,0.00,0
without_support,28.90,0.1205,0.00,0
without_support,29.00,0.1199,0.00,0
without_support,29.10,0.1201,0.00,0
without_support,29.20,0.1203,0.00,0
without_support,29.30,0.1196,0.00,0
without_support,29.40,0.1189,0.00,0
without_support,29.50,0.1198,0.00,0
without_support,29.60,0.1210,0.00,0
without_support,29.70,0.1205,0.00,0
without_support,29.80,0.1201,0.00,0
without_support,29.90,0.1193,0.00,0
without_support,30.00,0.1192,0.00,0
without_support,30.10,0.1203,0.00,0
without_support,30.20,0.1196,0.00,0
without_support,30.30,0.1200,0.00,0
without_support,30.40,0.1195,0.00,0
without_support,30.50,0.1192,0.00,0
without_support,30.60,0.1193,0.00,0
without_support,30.70,0.1200,0.00,0
without_support,30.80,0.1198,0.00,0
without_support,30.90,0.1200,0.00,0
without_support,31.00,0.1194,0.00,0
without_support,31.10,0.1202,0.00,0
without_support,31.20,0.1205,0.00,0
without_support,31.30,0.1194,0.00,0
without_support,31.40,0.1233,0.00,0
without_support,31.50,0.1204,0.00,0
without_support,31.60,0.1199,0.00,0
without_support,31.70,0.1211,0.00,0
without_support,31.80,0.1206,0.00,0
without_support,31.90,0.1201,0.00,0
without_support,32.00,0.1205,0.00,0
without_support,32.10,0.1205,0.00,0
without_support,32.20,0.1196,0.00,0
without_support,32.30,0.1212,0.00,0
without_support,32.40,0.1200,0.00,0
without_support,32.50,0.1210,0.00,0
without_support,32.60,0.1348,0.16,0
without_support,32.70,0.1268,0.00,0
without_support,32.80,0.1225,0.00,0
without_support,32.90,0.1199,0.00,0
without_support,33.00,0.1204,0.00,0
without_support,33.10,0.1189,0.00,0
without_support,33.20,0.1196,0.00,0
without_support,33.30,0.1207,0.00,0
without_support,33.40,0.1192,0.00,0
without_support,33.50,0.1200,0.00,0
without_support,33.60,0.1205,0.00,0
without_support,33.70,0.1208,0.00,0
without_support,33.80,0.1199,0.00,0
without_support,33.90,0.1199,0.00,0
without_support,34.00,0.1201,0.00,0
without_support,34.10,0.1195,0.00,0
without_support,34.20,0.1209,0.00,0
without_support,34.30,0.1194,0.00,0
without_support,34.40,0.1191,0.00,0
without_support,34.50,0.1185,0.00,0
without_support,34.60,0.1192,0.00,0
without_support,34.70,0.1195,0.00,0
without_support,34.80,0.1205,0.00,0
without_support,34.90,0.1195,0.00,0
without_support,35.00,0.1189,0.00,0
without_support,35.10,0.1192,0.00,0
without_support,35.20,0.1187,0.00,0
without_support,35.30,0.1204,0.00,0
without_support,35.40,0.1200,0.00,0
without_support,35.50,0.1186,0.00,0
without_support,35.60,0.1190,0.00,0
without_support,35.70,0.1189,0.00,0
without_support,35.80,0.1190,0.00,0
without_support,35.90,0.1202,0.00,0
without_support,36.00,0.1195,0.00,0
without_support,36.10,0.1195,0.00,0
without_support,36.20,0.1203,0.00,0
without_support,36.30,0.1186,0.00,0
without_support,36.40,0.1214,0.00,0
without_support,36.50,0.1200,0.00,0
without_support,36.60,0.1188,0.00,0
without_support,36.70,0.1191,0.00,0
without_support,36.80,0.1200,0.00,0
without_support,36.90,0.1199,0.00,0
without_support,37.00,0.1192,0.00,0
without_support,37.10,0.1198,0.00,0
without_support,37.20,0.1192,0.00,0
without_support,37.30,0.1199,0.00,0
without_support,37.40,0.1190,0.00,0
without_support,37.50,0.1194,0.00,0
without_support,37.60,0.1191,0.00,0
without_support,37.70,0.1199,0.00,0
without_support,37.80,0.1215,0.00,0
without_support,37.90,0.1195,0.00,0
without_support,38.00,0.1203,0.00,0
without_support,38.10,0.1185,0.00,0
without_support,38.20,0.1190,0.00,0
without_support,38.30,0.1189,0.00,0
without_support,38.40,0.1194,0.00,0
without_support,38.50,0.1207,0.00,0
without_support,38.60,0.1189,0.00,0
without_support,38.70,0.1194,0.00,0
without_support,38.80,0.1192,0.00,0
without_support,38.90,0.1198,0.00,0
without_support,39.00,0.1194,0.00,0
without_support,39.10,0.1189,0.00,0
without_support,39.20,0.1191,0.00,0
without_support,39.30,0.1183,0.00,0
without_support,39.40,0.1190,0.00,0
without_support,39.50,0.1190,0.00,0
without_support,39.60,0.1202,0.00,0
without_support,39.70,0.1186,0.00,0
without_support,39.80,0.1189,0.00,0
without_support,39.90,0.1203,0.00,0
without_support,40.00,0.1182,0.00,0
without_support,40.10,0.1199,0.00,0
without_support,40.20,0.1186,0.00,0
without_support,40.30,0.1198,0.00,0
without_support,40.40,0.1192,0.00,0
without_support,40.50,0.1206,0.00,0
without_support,40.60,0.1193,0.00,0
without_support,40.70,0.1189,0.00,0
without_support,40.80,0.1189,0.00,0
without_support,40.90,0.1193,0.00,0
without_support,41.00,0.1194,0.00,0
without_support,41.10,0.1192,0.00,0
without_support,41.20,0.1197,0.00,0
without_support,41.30,0.1189,0.00,0
without_support,41.40,0.1184,0.00,0
without_support,41.50,0.1201,0.00,0
without_support,41.60,0.1196,0.00,0
without_support,41.70,0.1194,0.00,0
without_support,41.80,0.1183,0.00,0
without_support,41.90,0.1190,0.00,0
without_support,42.00,0.1190,0.00,0
without_support,42.10,0.1195,0.00,0
without_support,42.20,0.1198,0.00,0
without_support,42.30,0.1185,0.00,0
without_support,42.40,0.1189,0.00,0
without_support,42.50,0.1189,0.00,0
without_support,42.60,0.1198,0.00,0
without_support,42.70,0.1199,0.00,0
without_support,42.80,0.1185,0.00,0
without_support,42.90,0.1195,0.00,0
without_support,43.00,0.1187,0.00,0
without_support,43.10,0.1191,0.00,0
without_support,43.20,0.1192,0.00,0
without_support,43.30,0.1193,0.00,0
without_support,43.40,0.1183,0.00,0
without_support,43.50,0.1198,0.00,0
without_support,43.60,0.1198,0.00,0
without_support,43.70,0.1186,0.00,0
without_support,43.80,0.1197,0.00,0
without_support,43.90,0.1194,0.00,0
without_support,44.00,0.1178,0.00,0
without_support,44.10,0.1189,0.00,0
without_support,44.20,0.1199,0.00,0
without_support,44.30,0.1198,0.00,0
without_support,44.40,0.1184,0.00,0
without_support,44.50,0.1199,0.00,0
without_support,44.60,0.1192,0.00,0
without_support,44.70,0.1196,0.00,0
without_support,44.80,0.1195,0.00,0
without_support,44.90,0.1185,0.00,0
without_support,45.00,0.1189,0.00,0
without_support,45.10,0.1194,0.00,0
without_support,45.20,0.1192,0.00,0
without_support,45.30,0.1191,0.00,0
without_support,45.40,0.1194,0.00,0
without_support,45.50,0.1185,0.00,0
without_support,45.60,0.1185,0.00,0
without_support,45.70,0.1189,0.00,0
without_support,45.80,0.1190,0.00,0
without_support,45.90,0.1199,0.00,0
without_support,46.00,0.1176,0.00,0
without_support,46.10,0.1193,0.00,0
without_support,46.20,0.1181,0.00,0
without_support,46.30,0.1194,0.00,0
without_support,46.40,0.1200,0.00,0
without_support,46.50,0.1196,0.00,0
without_support,46.60,0.1184,0.00,0
without_support,46.70,0.1192,0.00,0
without_support,46.80,0.1189,0.00,0
without_support,46.90,0.1202,0.00,0
without_support,47.00,0.1200,0.00,0
without_support,47.10,0.1190,0.00,0
without_support,47.20,0.1183,0.00,0
without_support,47.30,0.1190,0.00,0
without_support,47.40,0.1182,0.00,0
without_support,47.50,0.1206,0.00,0
without_support,47.60,0.1185,0.00,0
without_support,47.70,0.1192,0.00,0
without_support,47.80,0.1188,0.00,0
without_support,47.90,0.1192,0.00,0
without_support,48.00,0.1194,0.00,0
without_support,48.10,0.1187,0.00,0
without_support,48.20,0.1192,0.00,0
without_support,48.30,0.1191,0.00,0
without_support,48.40,0.1194,0.00,0
without_support,48.50,0.1196,0.00,0
without_support,48.60,0.1195,0.00,0
without_support,48.70,0.1193,0.00,0
without_support,48.80,0.1188,0.00,0
without_support,48.90,0.1194,0.00,0
without_support,49.00,0.1194,0.00,0
without_support,49.10,0.1199,0.00,0
without_support,49.20,0.1182,0.00,0
without_support,49.30,0.1194,0.00,0
without_support,49.40,0.1190,0.00,0
without_support,49.50,0.1192,0.00,0
without_support,49.60,0.1201,0.00,0
without_support,49.70,0.1192,0.00,0
without_support,49.80,0.1194,0.00,0
without_support,49.90,0.1190,0.00,0
without_support,50.00,0.1198,0.00,0
without_support,50.10,0.1201,0.00,0
without_support,50.20,0.1193,0.00,0
without_support,50.30,0.1188,0.00,0
without_support,50.40,0.1188,0.00,0
without_support,50.50,0.1185,0.00,0
without_support,50.60,0.1194,0.00,0
without_support,50.70,0.1190,0.00,0
without_support,50.80,0.1189,0.00,0
without_support,50.90,0.1185,0.00,0
without_support,51.00,0.1199,0.00,0
without_support,51.10,0.1189,0.00,0
without_support,51.20,0.1184,0.00,0
without_support,51.30,0.1187,0.00,0
without_support,51.40,0.1204,0.00,0
without_support,51.50,0.1208,0.00,0
without_support,51.60,0.1194,0.00,0
without_support,51.70,0.1242,0.00,0
without_support,51.80,0.1229,0.00,0
without_support,51.90,0.1246,0.00,0
without_support,52.00,0.1803,2.22,0
without_support,52.10,0.1511,0.90,0
without_support,52.20,0.1271,0.00,0
without_support,52.30,0.1255,0.00,0
without_support,52.40,0.1288,0.00,0
without_support,52.50,0.1232,0.00,0
without_support,52.60,0.1212,0.00,0
without_support,52.70,0.1200,0.00,0
